{
  "version": "2022.2",
  "applications": [],
  "platforms": [],
  "systems": [
    {
      "name": "fir_prog_2_system",
      "platform": "/opt/amd/Vitis/2022.2/base_platforms/xilinx_vck190_base_202220_1/xilinx_vck190_base_202220_1.xpfm",
      "sysConfig": "xilinx_vck190_base_202220_1",
      "buildConfig": "Emulation-HW",
      "applications": [
        {
          "name": "fir_prog_2_system_hw_link",
          "platform": "/opt/amd/Vitis/2022.2/base_platforms/xilinx_vck190_base_202220_1/xilinx_vck190_base_202220_1.xpfm",
          "platformPath": "/storage/Xilinx/Vitis/2022.2/base_platforms/xilinx_vck190_base_202220_1",
          "sysConfig": "Linux on x86",
          "domain": "pl",
          "system": "fir_prog_2_system"
        },
        {
          "name": "fir_prog_2",
          "platform": "/opt/amd/Vitis/2022.2/base_platforms/xilinx_vck190_base_202220_1/xilinx_vck190_base_202220_1.xpfm",
          "platformPath": "/storage/Xilinx/Vitis/2022.2/base_platforms/xilinx_vck190_base_202220_1",
          "sysConfig": "xilinx_vck190_base_202220_1",
          "domain": "aiengine",
          "system": "fir_prog_2_system"
        }
      ],
      "platformPath": "/storage/Xilinx/Vitis/2022.2/base_platforms/xilinx_vck190_base_202220_1"
    }
  ],
  "others": []
}